Mdf
Fort Bragg, NC
Moreno Valley, CA
757âœˆï¸678
Fort Worth, TX
4 minutes past 8. 
Planeta Tierra: Bits
West Midlands, England
Ontario, Canada
Bronx, NY
California
Las-Gidi...
LDN - CANTS
PH
└A ✈ 서울
Abuja, Nigeria
drinking a frappe 🤤
Johannesburg//Rustenburg
Coimbra, Portugal
Buenos Aires, Argentina
Colorado
504/713
7806 Boeing dr Greensboro, NC
İstanbul, Türkiye
México
Rumiñahui, Pichincha, Ecuador
New Haven, CT
Lille, France
Brasil
Los Angeles, CA
Miguel Ãngel HernÃ¡ndez VÃ¡zquez
Maryland, USA
Surplus Reality
Port Allen, Kauai
Visalia, CA
Piedras Negras,Coahuila
â˜ï¸9
478â†˜ï¸229
Holyoke, MA
France
Denton, Texas
Brooklyn, NY
Guaynabo, Puerto Rico
Namibia
Uruguay
NY
Panamá
Raleigh, NC
London, England
Antarctica
Wylie, TX
Wellington
Nairobi Kenya
42 Wallaby Way, Sydney
not in Canada... yet
Chesapeake, VA
La Rioja, Argentina
Dallas ZIP Code but not Dallas
NY🗽to LA🌴
St. Esteve de les Roures, Cat.
New York, USA
London, Babylon-on-Thames
ShinSekai
bta
Racoon City
Bursa, Türkiye
Mars
Konahagakure - Fairy Tail
Houston, TX
Kiev
Plymouth, England
the motherland
Monterrey, Nuevo León
Maryland, USA
Lost in the 1900's 
United States
Tennessee, USA
Portland, OR
Houston, Texas
Dónde digas, DIEGO PABLO.
é¦™å· é«˜æ¾å¸‚
who knows 
USA. USA. USA. 
United States
Birmingham, UK
Santo Poco
Angers, France
ğ™ºğšğšğš™ ğš„ğš™: ğ™»ğš˜ğšŸğšğ™·ğŸ¾.ğ™º
Birmingham
Rhode Island, USA
United States
i casanova
Rio de Janeiro, Brasil
Seattle, WA
st Lucia
LDN
Catania, Sicilia
09387
madrid
Diadema, Brasil
Los Scandalous
New Mexico
st helens / birmingham
WCKD, Beacon Hills, Riverdale, Creekwood
Arocena, Santa Fe, Argentina.
Baltimore, MD
Nicaragua
Stockholm
Puebla, Pué.
Vannes , Bretagne
Banes World, Ca . 
Lombardia, Italia
CDR
Pflugerville, TX
San Carlos de Bariloche, Argentina
icon por @momoAKBN uwu
Lost In Space
SL
weltweit
needy for your love
multifandom
Badnews 757
NYC
West Virginia 
The ğŸ…±ï¸eehive
Monterrey, Nuevo León
Caracas, Venezuela
Virginia, USA
Bordeaux, France
Planeta Campbell
日本
lisboa
Denver, CO
C.A.B.A
Lille, France
Tennessee, USA
ğ‘šğ‘¢ğ‘™ğ‘¡ğ‘–ğ‘“ğ‘ğ‘›ğ‘‘ğ‘œğ‘š â™¡`
Saltillo, Coahuila, Mexico
Roaming
Paris
Tea Party
Irving , Tx
Türkiye
Universe
Massachusetts, USA
Venezuela
United States
Ghana
Paris
Amsterdam
numa margem distante
twitch.tv/chancewm
Annapolis, MD
Y u want to now brah
Azerbaijan
Playing Fortnite
Free State Bethehem
Johannesburg, South Africa
Cascavel/PR
Guatemala
Ottawa, Oxford England 
Paris. S
Niterói, Brasil
New York City/Toronto
Ciudad Autónoma de Buenos Aire
Barcelona, Cataluña
the 562
Greater Manchester
Cuernavaca, Morelos (oO)'
.
EUSKAL HERRIA
Norfolk, NE
BlvckLvnd, U.S.A.
NJ
Czech Republic
Yorkshire and The Humber
Ventanilla, Peru
Lansing, MI
Universo.
ITAbellahadid@gmail.com
London, UK
San Diego
Los Angeles, CA
Cape Cod
POA-RS
Chicago
Philadelphia, PA
India
Kentucky
La Cellera de Ter - Catalunya
07031âˆ 
Lakewood, WA
加拿大
Polska
fan account
Mississippi, USA
Utah, USA
Troye Sivan
İzmir, Türkiye
Polesworth, England
Interwebz
2007.  FOREVER.
Illinois, USA
Chicago, IL
São Gonçalo, Bangu
Wales, European Union.
jongin & mingyu.
Atlanta, GA ğŸ“
United States
Middletown , Ohio
Johannesburg south africa
htx ğŸ’
Texas, USA
sao paulo e rio de janeiro
Heaven
Los Angeles, CA
United States
Ohio, USA
🇲🇦🇺🇸
Bolu Merkez, Bolu
Lauro de Freitas/Bahia/Brasil
Charlotte, NC
Scottsburg, IN
In My Lane
🇩🇪-🇺🇸-🇬🇧
Booty Ass Bloomfield
God's Country
Venezuela.
Beaumont, TX
Limoges, France
Milwaukee, WI
Xenia, OH
United States Minor Outlying Islands
Wakanda
SQUAD CHORIPAN AHRE
dreamie squad
EXO Planet
Genève
Washington, USA
Argentina/Namkanda
WA
Ciudad Autónoma de Buenos Aires, Argentina
Rennes & pontorson 
Parallel Universe
Seattle, WA
Afyonkarahisar, Türkiye
Saskatoon, Saskatchewan
Outro: Tear
league city
Miami, FL
Buenos Aires, Argentina
Norwalk, CA
Jacksonville, FL
My House 
Georgia, USA
Geneva, Switzerland
Gilbert MN
England
Americana, Brasil
Amiens, France
En tu corazón bb
devastated IN brazil
United States
Dallas, TX
 Luque Paraguay
LDN | Brixton
kadrie
Aca
Eugene, OR
Pasadena, CA
midway 
eat my ass
empathy
Buenos Aires, Argentina
Ends
Glasgow, Scotland
Argentina
Tallahassee//Tampa
post-gentrified dc. 
Wales, United Kingdom
Minas Gerais, Brasil
United States
San Antonio, TX
sergs block 
North Norfolk uk
Lima, Peru
Argentina
South Memphis, Memphis
South West, England
Bewdley
Canada
China Lake, Ca.
New Orleans 
Bruxelles, Belgique
Aâ£ï¸
Edén, Madrid
León, Guanajuato
Pontevedra, España
00000
Zeno’s Palace
Tekirdağ, Türkiye
Vaud, Suisse
United States Of America
Vizcaya (Spain)
Moscow, Russia · Sanremo
Manresa, España
Malaysia
On est là
Pune, India
☆ MY SWORD HAND TWITCHES ☆
NICARAGUA
Midwest
Lakers Coaching Staff 
Mahora - Albacete 
London. In England.
España • Iberoamérica
Madrid
Palm Bay, FL
somewhere im not sure 
My Bed.
New York, USA
Florida, USA
A Galaxy far, far away
Colombia
Espírito Santo, Brasil
Home
Bay Area
United States
istanbul ama Trabzon
join my public kpop discord 
Brasil
Biscanye
Abuja, Nigeria
Mexico
Camp Half Blood
Venezuela
🇪🇸 ESPAÑA 🇪🇺
Emirates Stadium
Halifax 
Topeka, KS
Portland OR
Pamplona, España
Comunidad de Madrid, España
Ar Hen Teena 
Etimesgut, Ankara
#StrongerTogether All Over 
Disneyland
919
San Miguel, El Salvador
Exeter / Leicestershire
Tumblr
Crying under the stairs
Samsun
Chicago, IL
Qatar
España
lagos
The Disis Death Basement
Toronto
NJ
Oregon, USA
Castres, France
Boston, MA
mexico
ï¾Œï½§ï½²ï¾ï¾ï½°ï¾ï¾•ï¾…ï½§ï½°!!!!
Karachi/Toronto
Kpop's hell hole
R.I.P punkinâ¤ï¸ 9/25/16
Minneapolis, MN
Staunton, VA
Venecia Cundinamarca 
Valparaiso
Ontario, Canada
Citizen of the world.
jimin is my bae
Colorado
Mica, la estrella mas divina💘
Atlanta/New York USA
United States
New York, NY
01.09.17  23:59|| tolkien
Dallas
Pensacola, FL
sitc 2018
God's grace
Brasil
It's not on any map
Bayern, Deutschland
Chaves, Portugal
Bangtan's room
sertac sever
Sant Joan de les Abadesses
18 | she/her | freepalestine
Nowhere cool
ms
Venezuela
STREAM JUST MY TYPE FROM FRIDAY 
Volta Redonda 
Angola
camila ♡ june ♡ marcia
Westport, CT
Portland, OR
planet earth 
where I am
Evaton, Pretoria, South Africa
ig: kaniehtisakhe
Wokingham & London. UK.
Melbourne, Victoria
ë†€ì´í„° â˜âœˆ
loading...
ldn x cov
7o2
Jay’s lap
Oosterhout, the Netherlands
Pismo Beach, CA
Phoenix, AZ
Chicago, IL
Facoltà di lettere di Roma3
Spaintinez//with emilio
Manchester
Morelia, Michoacán
Saõ Paulo - Brazil
Urucânia, Brasil
Birmingham, AL
Comas, Peru
Ontario, Canada
hyderabad
somewhere down the crazy river
gotham city
Ë™ Ê É¹ o Ê Ë™ Ê Ç u Ë™
Los Angeles, CA
Trujillo, Venezuela
California, USA
Nashville TN, and Corolla NC
Massachusetts, USA
winfield mo.
085
Santiago, Chile
Europe
Refugio, TX
Surakarta, Jawa Tengah
getcaughtwithit
Grand Rapids, Mich. USA
Johannesburg, South Africa
México
Nigeria
Area 51
Harbaughs Moms House
Galicia
CheathamIfYaCantBeat'mCounty
Las Cruces, NM
pm&wdw || cali
Neuquén, Argentina
Galveston, TX
Juaritos
KIGALI
South west and west midlands
Catalunya
New York
Camelot
Heartland
United States
Benito Juárez
Botswana
leon co
United States
Manchester. Now in Oslo.
United States
 
Cali King
Türkiye, İzmir, Karşıyaka
São Paulo, Brasil
Vestavia Hills, Alabama
UK wide
España
Riverside, CA
Newcastle Upon Tyne, England
De aquí para allá 
Río Cuarto, Córdoba, Argentina
Parc des princes
UK
Pinhão, Paraná
na merda
Florida, USA
Cali
CA; left myâ¤ï¸in Okinawa
Cloud°9
Hill Valley, California
Great North/Route 28
Buffalo, NY USA
🇮🇶
Helsinki, Finland
Argentina Buenos Aires
Ldn
Philippines
Peru
New Jersey
south africa
Kentucky, USA
Buenos Aires, Argentina
