South Africa
Paraná, Entre Rios
Hope World 
Florida, USA
New Jersey, USA
Kentucky, USA
Hermosillo, Sonora
Disneyland
Puerto Rico
Phoenix
Highland Village, TX
Manchester United
London / Norwich
SE LDN
Blue Heaven
okcizzle
Colorado, USA
Wakanda
Hecelchakan, Campeche; México 
6
Oaxaca 
Myrtle Beach, SC
Spain
Vancouver, Canada
The Cuntagon
Asgard - Valhalla
Ambala, India
ATLANTIDA
hati kau
Virginia Beach, VA
#blacklivesmatter
å®ˆçŸ¢ç¥ç¤¾ãƒŠãƒ¼ãƒ´ã‚¹ã‚³ãƒ³ã‚³ãƒ¼ãƒ‰æ”¯éƒ¨ã‚·ãƒ£ãƒ‰ã‚¦ãƒœãƒ¼ãƒ€ãƒ¼åˆ†ç¤¾
London, England
Guadalajara
Córdoba - Colombia
Bolivar, MO
Gym
El Salvador
Filipinas (Colono Español)
Forest, Belgique
Milano, Lombardia
Texas, USA
Winterfell 
Bogota
United Arab Emirates
Fortaleza, Brasil
Nancy, France
La Paz
Prestatyn, Wales
Ciudad Bolivar, Venezuela
Springfield, Oregon
Gurabo, Puerto Rico
Caracas, Venezuela
Roma, Lazio
Modena, Emilia Romagna
Masjid Tanah, Melaka
-Ravenclaw-
ir♡
Madrid, Comunidad de Madrid
Stillington, England
Toronto, Canada
Blaine, MN
Depok, Jawa Barat
Osmancık, Çorum
Oregon Coast, USA
Florida
Arequipa, Peru
California, USA
 México
argentina
Strasbourg, France
Bumi
Contagem, Minas Gerais
MICHIGAN
Hamilton, New Zealand. Mostly.
i casanova
Cuquío, Jalisco
Springfield Virginia
México
usa
spain
İzmir
New Washington, Western Visaya
Nigeria
Campo Grande, MS
ATL179027
Lisbon, Portugal
New York, NY
Burger King, Tx, USA
Redmond, WA
Missouri, USA
United States
Anaheim, CA
Suisse
Winwin’s heart
limbo
Wherever You’re Not, IN
Uk
sw•bway•marvel•film
in my birkin
The Gym 
Minneapolis + portland
Emirates Stadium
Istanbul
Albany, NY
Pennsylvania, USA
trefo 
IG: froninalick
Flat earth society
LA, sucks to be you Humanoids
Araçatuba, Brasil
Albuquerque, NM
United States
England, United Kingdom
Lejos de Christopher
po box argentina
Bogotá, D.C., Colombia
nyc/buff
Cleveland
California, USA
Near DisneyWorld apparently
Dallas, TX
Asda or aldi 
Peterborough, England
Union Mills
Venezuela
Johannesburg
Vancouver, British Columbia
Rio de Janeiro, Brasil
Eskişehir, Türkiye
EastLondon
she/her | INTJ | ig: do.mmy
Antalya, Türkiye
D[M]V
Itapira -SP
On GOD's radar.
California
 Desamparados, San José 
Lincoln, NE
Mtaa.com
Dâ“‚ï¸V 
CT/ND
Purgatorio
Imperial Beach, CA
kjh
North West England, UK
Monterey, CA
Iowa/USA
Madrid
France
Bordeaux (France)
Paraguay
Your firewall
emma • she • 20
Washington, USA
Guadalajara
firelink shrine
Mexico
Sydney
Port Talbot, Wales
North Texas
USA, Brazil, Spain
Huddinge
Rio de Janeiro, Brasil
Caracas, Venezuela
Culiacán, Sinaloa
Ottawa, Ontario
Edmonton, AB
İstanbul, Türkiye
Atl 
wa
ãƒ­ãƒ³ãƒ‰ãƒ³ï¼å¸‚å·
Indonesia
Los Angeles, CA
the wokest city. no, woker.
Ciudad Bolivar, Venezuela
France
🌕
Camden, Arkansas 
Newton, Derbys
Sant esteve de les Roures
YYC
México
sc- thatmixboy03
UK
New Jersey•NYC
Caba Argentina
Baltimore, MD | Morgan State U
Salvador, Brasil
Brasil
Philadelphia, PA
the world
Mírian's Heart
oc
The Woodlands, TX
jundiai - sao paulo
Bavaria, Germany
Eu, Francia
Bogotá - Pereira
Pakistan
Ukraine
Newport News, VA
fuckville
bts;;jbj;;exo;;st;;mgk
voz en off 
Connecticut, USA
Tempe, AZ
Virginia, USA
myworld.
Carlota, Campo Grande
Kilmarnock and Stirling
Tempe, AZ
New York, NY
Louisville, KY
North Carolina, USA
she/her | lily 🌻🇧🇷
Springfield, OH
germany
021
colombia/barranquilla
Horseheads, NY
Itabira
(Englewood) Chicago, IL, USA, /Wakanda, South Africa, EarthğŸŒ
Pisagua
Helsingborg, Sverige
Pgua
Portugal
San Donà di Piave, Veneto
home-less
California, USA
Loveland, CO 
Latinoamérica
Belgium
United States
Mendoza, Argentina
Buenos Aires, Argentina
Livingston
Los Polvorines, Argentina
San Antonio Texas 
USA
Kennewick, WA USA
Chaves, Portugal
Argentina
    she/her
Manchester
Saudi Arabia
Online
La Molina, Peru
Lagos, Nigeria
United States
bullblyns corporativa 
Ceará, Brasil
soon japan 
CALI
sydney
Arizona, USA
ชานชาลาที่ 9¾
Chile🇨🇱-🇰🇷
São Gonçalo, Brasil
t, l & f 💌
Cape Cod, MA
akun suka suka
Zaragoza
 erhs’19
Mumbai, India
Asia
İstanbul, Türkiye
holt’s bitches™/Cumsluts™
With My Boyfriend
Utrecht
Brasil
Meme Hell
El Paso, TX
İstanbul, Türkiye
Manguinhos, Rio de Janeiro
New York, USA
graveyard
Tarragona, España
Pakistan
boston 
Calgary, Alberta
Chaton           [rpgacc]
Behind the gates
방탄방탄방방탄
Tucson, AZ 
wandering
New York, NY
Caen, France
Ithaca, NY
Seattle, WA
Anticoli Corrado
ALDUB NATION
Here, There and Everywhere
Raleigh, NC
beacon hills 
Arizona, USA
Planeta 5 Elementos
N.Y./N.J.  LET IT KNOCK!!!!!
áµ‰áµ›áµ‰Ê³Ê¸áµ—Ê°á¶¤á¶°áµ á¶¤ áµ—áµ’áµ˜á¶œÊ° áµˆá¶¤áµ‰Ë¢
Canada
Near London
md
malta, he/him.
i love my dog 
Perugia
kk
FL
Lancaster, PA, USA
God's Eye
Lanús, Buenos Aires
Washington D.C.
Badalona, Catalunya
fan account
Perú
BURU CITY / Nairobi Kenya
Manchester, England
Salvaterra de Magos
London
Toronto, Canada
Lake Charles, LA
Malaysia
the innerwebs
Portland, OR
Michigan
Washington, USA
Santa Fé, Argentina
Roma-Milano
Youtube : Karagöz
The Good Life
Luhan ♡ Nine Percent
Barranco, Peru
â€Ù‹
Texas
este mundo
manu karol alini ana paula
(^•  •^=)~
Fortaleza
Anamur, Türkiye
cos cob, ct
El Triunfo
Guadalajara, Jalisco
London
Fairborn, OH
Yemen
Washington, DC
Greater Accra, Ghana
Melbourne, Australia
Nigeria
married to a boss ğŸ’ğŸ’°
Stanford, CA
The Good Wee Witch of the West
Rio de Janeiro, Brasil
Abilene, TX
Bordeaux, France
BOS-OH
In Drakes House
Outer Space
Glasgow, Scotland
PNW
Rehiyon ng Gitnang Luzon
curiscat @Morenah_br
â•multifandom â•
Béarn
Durham, NC
Dubai, United Arab Emirates
Edinburgh, Scotland
North Carolina, USA
MSR
Charlestown Beach, RI
El Paso, Texas
Sant'Ana do Livramento, Brasil
she/her
New York City
kh, persona, vld
Lost, In A Broken Wonderland
aliquippa
arkansas
luke+band rted | ycj²m² 
Seattle, WA
Ottawa, Ontario
Batesville, AR
bouquet of flowers
probably pizza hut
Glasgow/Paisley/Dublin/London
Hope Word (Argentina)
Indianapolis, IN 
ğ•¤ğ•šğ•Ÿğ•˜ğ•¦ğ•ğ•’ğ•£ğ•šğ•¥ğ•ª
Ribeirão Preto, Brasil
Santa Catarina, Brasil
Miranda de Ebro, España
in my head
Republic of the Philippines
Orlando, FL
Aix-en-Provence (France)
Trapped in Idol Hell. 🇦🇷
Podkarpackie, Polska
Distrito Federal, Brasil
134340
Las Vegas, NV
Fortuna, San Luis 
Somewhere in Panther Stadium
Rua do Caralho
Córdoba, Argentina
Miami, FL
somewhere in da bay
Rancho Cucamonga, CA
Mississippi, USA
Flagstaff, AZ
South Pasadena & South Jersey
Pará, Brasil
D[MD.]V
MI;305✈MacTown;478✈ATL;♥ 
olive hill, ky
México D.F. 
El Pertús, Catalunya Nord
Colombia
Córdoba, Argentina
Tona Catalunya
San Marcos #157
Sundsvall, Sverige
Miranda, Venezuela
Barcelona, España
636
okinawa, japan
İstanbul, Türkiye
Oldenburg (Oldenburg), Deutschland
USA
Welt 
Balifornia
 A galaxy far, far away
Cherokee National Forest,TN/NC
Chicago, IL
Coimbra
Ermelo, South Africa
NorCal
North Carolina, USA
Málaga
Eskişehir, Türkiye
Los Angeles/Tidewater🦈
harry styles tour RJ 27/05/18
Memphis, TN
Scarborough, ON
Los Angeles, USA
ÇÊŒÉ uooÉ¯ÊÇuoÉ¥
Outskirts of Toronto
lost in brazil | SHINee is 5â­
ldn x cov
Mexico
Heart Of God
Charlotte
Virginia 
Rosario, Argentina
Galiza
Sherrinford
Riverdale
cinnamuris
Caracas
South Africa
sausagehouse hilgay
Cosmos, Rio de Janeiro
San Francisco, CA
Greenpoint, Brooklyn
República de Catalunya
Standford, England
Walton County, FL
imma be where im at
GodsCountry
Chicago, IL
California, USA
A Mariña
Nueva Pompeya
Quảng Ninh, Việt Nam
á´„á´€. || Ê€á´ÊŸá´‡á´˜ÊŸá´€Ê 18+ 
london n'dat
Rio de Janeiro, Brasil
Kurdistan
Elche de la Sierra // Albacete
Veracruz, Veracruz de Ignacio 
Germany
Bronx, NYâ›µï¸Trenton, NJ 
Nordrhein Westfalen
Naples, FL
Rio de Janeiro, Brasil
Stockholm, Sweden
Los Angeles, CA
Tampa, FL
Middle of Nowhere
İstanbul
Sverige
Virginia, USA
Philippines-Japan
Telford, England.
South Africa
Des Moines, IA
FF
SantCugat del Vallès,Catalunya
Toledo - Salamanca
Moreno Valley, CA
France
Madhya Pradesh, India
