Graulhet
Mandera, Kenya
Barcelona, Catalunya
Texas, USA
Poulton, England
Madrid
Tuscaloosa, AL
Worldwide
Campos dos Goytacazes, Brasil
AZ, USA
Republic of the Philippines
Campus Madrid, México y Colombia
United States
M.I.A.
Blue Ocean
Nice
Nueva York, USA
In my daydreams
São Paulo, Brasil
San Antonio, TX
Austin, Tx
Çaykara/Trabzon
suburbia
Sanger, CA
Tacoma, WA
05/01
Zimbabwe
mile; lari; ot3
Preferably Chicago, IL
California, USA
Bilecik, Türkiye
Garrett, IN
Pahang
Paris, Ile-de-France
Buenos Aires. Parque Patricios
Miserable Missouri
North Carolina, USA
London Ontario
Boston, MA
she/her
Chelmsford, UK
Saint John, NB
Lincoln, England
Glasgow, Scotland, UK
buffalo
Vaal Sebokeng 
Illinois
Alabama, USA
Chennai, India
Coruña
Santiago, República Dominicana
Maryland, USA
Malaysia
Isaiah 41:10
Brazilian • 1994 • Fashion Enthusiast • YG stan • VIP&BJ • CL&TOP • PTBR/ENG
United States
Negri Sembilan, Malaysia
Cape Cod
Asuncion - Paraguay
New Haven, CT
blacklivesmatter
w/ Bally,Pope,Zay-Nutti,Zaytoven,G-Pops,Reese,Poppa...
Tuscaloosa Al.
Memphis
HELLIZONA 
Illinois, USA
Charlotte, NC
Bay Area
1104
Donde los libros me lleven
Camp Nou 🔵🔴
Ciudad Autónoma de Buenos Aire
Clermont, South Africa
San Francisco, CA
Louis♡
México
Swindon, England
Manaus, Am
İstanbul, Türkiye
Ghana | South Africa 
Ciudad de la Costa 
sjc
RJ, ZO
Madrid, Spain
Albania / Italia
Barcelona, España
ciudad de mexico
Massachusetts
Edmonton
rancho cucamonga 
Tilted Towers
Sacramento, California
Cardiff, Wales
San Juan, Argentina
Columbus, OH
Howgarts âš¡ï¸
Três Passos
Valenciennes, France
Otacílio Costa-SC
Somewhere being great
The Palace of Memory.
Stockholm
France
Perugia, Umbria
Georgia, USA
with crossypoo
Playa Maguadel
á´¹á¶¦Ê¸áµ’Ë¢Ê°á¶¦'Ë¢ æŸ©  â™  á¶ áµƒá¶«á¶« â‚â‚‰â‚„â‚€
Anchorage, Alaska
In too many fandoms 
Boston USA
Colombia
Ciudad de Buenos Aires
Trelew, Argentina
San Antonio, TX
Venezuela
FRANCE
mexico city
Aveiro
Bogotá, D.C., Colombia
n interessa pra vc palhaço
fan account | venus
ğŸ”œğŸ¦
My ♥ lives in Poland.
sw-7869-5713-1293
Burlington, VT
Portland, Oregon-
Tennessee, USA
St Louis, MO
ì™•ì­ìŠ¨â€™s í•˜íŠ¸
North Carolina
Crystal, MN
Bath, UK
Medellin, Colombia
Winona, MN, USA
Virginia, USA
Chile
Brasil
having tea with the mad hatter
Seattle
Eagan, MN, USA
Loving my children uvu
n ÇÊŒol á´‰
Dalby, Queensland
Hoy soy de aquí, de donde piso
Culiacán, Sinaloa
Champaign, IL
@_MellyMelx3
La Victoria, Aragua
Indianapolis, IN
London/Cardiff
São José do Rio Preto
India
svt, rv, mx, bol4, laboum 
Forest Hills, NY
Driehuizen, Schermer
Wales, United Kingdom
Mirabilandia
So Cal
FRANCE (44500)
Fès Médina, Royaume du Maroc
The Year 20XX
Madrid
Rosario, Argentina
United Kingdom
Angeles City, Central Luzon
U
Lakewood Plaza Turbo
São Miguel do Iguaçu - Paraná
Ano Touba, Thssaloniki,HELLAS
Singapore
Colorado, USA
Strathcona County, Alberta
Tâ€™s boy â¤ï¸
Bas-Canada / Estrie
California, USA
london
London, UK
fan account - nct + loona
kampala
Jerez 
Bradley Fold, England
The Deep Recesses of your Mind
Wokingham, England
United States
Batavia, NY
Moâœˆï¸Az
Cuenca-Ecuador
MNL PH 
ggroups + exo ♡
Kampala, Uganda
Brisbane, Queensland
Ferraz de Vasconcelos, Brasil
718 â¡ï¸ 757
venezuela
United Kingdom
Itapeva - SP
NY NY GOODMUSIC
sou da Vila e tou cagando
the eastern hemisphere
Monrovia, IN
Snellville, GA
75018 
QLF N’DA
South West England
Varanasi, India
City of London, London
İnsanlar iyi şeylere laiktir
San Ramon, CA
England
 Mexican
Goiânia - Brasil
Powder Springs, GA
Heaven
la mere a eyrault
R A I S A 🌹
Florida, USA
Portugal
OURENSE - GALICIA - ESPAÑA -
California, USA
Galicia, España
Dallas, TX
NY
Odenton, MD
أحبك.
London
Corrupt, CA
Miami, FL
Lubbock, TX, USA
sandnes, norway
Gdańsk, Polska
Cleveland / Leicester, UK / Philly
Chicago, IL
Worldwide
Sioux Falls, SD
Australia
e.t.t.m.ot7.ot9.ot18
Rheinland-Pfalz, Germany â€
London
ÜT: 33.151035,-117.336805
'Merica
MNL, PH
DC/MD/VA/NY/LA
San Juan del Río, Querétaro Ar
Puerto Rico, USA
Panamá, Distrito de Arraijan
San Lorenzo
Lodi, CA
Acapulco de Juárez, Guerrero
Madrid, Spain
Suplex City
Takht_E_Jamshid, fars, iran
The World
Portugal
Forlì - Roma 
Nicaragua
Huelva, España
Besaid Island
United States
Olmos city
Fuera de servicio
Lima, Peru
Que te importa
Manchester, UK
Chester, Va 
North Jersey
tx 🤨
Thailand
coolin.🌴🌸
Alicante de los cojones
Pittsburgh, PA
birmingham
São João de Meriti, Brasil
San Antonio, TX
Heaven Bound.
Hyrule
Bitcoin Blockchain, Block #377000
#Detroit  ⚖
The Hood
Somewhere drinking water 
Ãlvaro ObregÃ³n, Distrito Feder
not america
Boise, ID
Buenos Aires
fuck the population 
Earth
Providence, RI
Lyon, France
Talca,Chile
(bts supremacist hell)
ángeles que me atan a la vida.
United States
Dumb Dumb Town 
Durango, México
Glaswegian
Madain Sari
Ardrossan, Scotland
Loughton
Harare, Zimbabwe
Chicago, IL
Chesapeake Ranch Estates, MD
noticed by jorge & stephie
madrid
#Ø§Ù„Ù‚Ø¯Ø³_Ø¹Ø§ØµÙ…Ø©_ÙÙ„Ø³Ø·ÙŠÙ†_Ø§Ù„Ø£Ø¨Ø¯ÙŠØ© 
London, England
Bowser's Castle
Maryland, USA
UCity,USA 
Sains-en-Gohelle, France
Ohio
Mexico City
APODACA, N.L. MEXICO
kc,mo
Bhubaneshwar, India
Coy’s shore house 
United States
na casa do Guy
Guadalajara, Jalisco
17
Tucson, AZ, USA
Fdj/ 🌈
Western Australia, Australia
🇫🇷
Pontllanfraith, Wales
Almería, España
Indonesia
Irapuato, Guanajuato
na cama do andy
Arizona, USA
Fortaleza, Brasil
France
Ile-de-France, France
London, UK
Springfield Kentucky
Universe 
Davenport, Ia USA
Brackley, England
valera
Houston âœˆï¸ Orlando
embracing min yoongi's being
Killen, AL
the space between voids
Konya, Türkiye
Val-d'Oise, Ile-de-France
janustine wedding's comin soon
Barcelona
Miami, FL
Midwest
-
Shakespeare's Globe 🇬🇧
Pelotas, Brasil
i'm in 134340 with 99myss
Zürich, Switzerland
日本
Sanford, FL
âœ‰ï¸claracastanoruiz@gmail.com
russel doesn't have location.
Gillingham, England
Philadelphia, PA
Barcelona
Bretagne
All Around The World 
USA
Bayeux
Essex, England
Monterrey, Nuevo León
probably eating
Penafiel, Portugal
Montevideo, Uruguay
Dayton, Oh
 
India
Helotes, TX
Hou 
Carolina, Puerto Rico
United States
Douala-Cameroun
Duran Guayas Ecuador
Cork, Ireland
México
Valparaíso, Chile
trinata ğŸ»ğŸ’—ğŸŒˆ
jdb
Your lewdest fantasies~
Banfield, Argentina.
Canada
uitmsi
Othón P. Blanco, Quintana Roo
Tr
Los Angeles, CA
Los Angeles
London via Milton Keynes
Birmingham, AL
 Oak Level, NC
Ireland
hol' up im not a fan account
Tours, France
San Luis Potosí, México
日本
Algún Lugar
London, England
ariana,demi,zayn,jb,oned  ♡
warnsomegraphicphotosbadnews
Green Mountains
Edmonton, Alberta
Germany
Buffalo, NY
Napa, CA
Essex County, MA (978)
Flagstaff, AZ
Johannesburg, South Africa
WORLDWIDE
ã‹ã£ã“ã‚ˆã‹ã£ãŸã‚ã‚ŠãŒã¨ã†1å¹´é ‘å¼µã‚Šã¾ã™
Newcastle, England.
nashville - auburn
Maryland
Mangel | 5:54/5:56 :D.
Puta que pariu
Johannesburg,  South Africa
The road
Fortaleza, Brasil
Trash
são paulo
904
Lagos, Nigeria
Türkiye
they/them
valentine | he/she | 5HINee ♡
they/them
Stockwell / Westminster
Marido de @carolaSevilla
at Park Jimin's soul
Bristol, PA
Sur le terrain ou sur Namek
æ±äº¬ æ¸¯åŒº
Creil - Amiens
//location redacted
Texas, USA
Ciudad de Mexico
Macaé, Brasil
Dallas, TX
Texas, USA
Gerze- SİNOP
MarvelAsgard
Chicago
Nashville, TN
New Castle, PA
æ²–ç¸„çœŒå—åŸå¸‚çŸ¥å¿µ
Lafayette, IN
London, England
England, United Kingdom
Por ahí
Cincinnati, United States
Otis Orchards, WA
Lampasses, Texas 
Edmonton
Asuncion, Paraguay
Reno, NV
Paris
Hidden Cloud Village 
loona clc twice hyuna
Treaty 7 / Calgary
France
Durham, NC
Melbourne
Ø³ÙØ± 
honestly mate just like if ur
Cape Town, South Africa
Spokane
Campinas, Brasil
Uranus
Stockport, England
España
Brasil
Houstatlantavegas
sleeping/dying, always
åå¤å±‹å¸‚
Worldwide
Tucson, AZ
Papantla...PR...Cdmx
San Antonio, TX
fâˆl's gold
UncleBob and EJ. 
314🛬336
Leiria, Portugal
España | México
South Wales
MEXICO 
Smiles of Bangtan
Malaysia
Kampala, Uganda
Boston, MA
N. Georgia & elsewhere...
Miguel Hidalgo
Louisville, KY
nebraska
[ Hey Ju's ]
Mexico City
Lower Antioch, TN - Atlanta GA
Adana 
