Randburg, South Africa
none of your god damn business
California
Africa 🇿🇼🇲🇼
ä¸­é‡å‚ä¸Šã®ã©ã“ã‹
Orlando, FL
East Central Wisconsin
Chester
Bogotá
Faro
Brasil - Pernambuco
ãƒ—ãƒ¬ãƒãƒ–å°å±‹
Cadiz, OH
France
Guayaquil
Crimea
UK
manila
SONE ARMY InSomnia
Abidjan
Islamabad, Pakistan
London, England
San Diego, CA
Bogota - Taiwan
https://spencerfleury.com/
Ciudad Autónoma de Buenos Aire
work
Brooklyn, NY
Roma
Sudbury, Ontario, Canada
NS - Rome - Miami - Jerusalem
Guadalajara, Jalisco
Bogotá, D.C., Colombia
North Carolina, USA
Im not sure. 
Singapore
multifandom bro
Liguria 
mardel
Venezuela
Richmond Hill, Georgia
hows it gon Help us get money
Vet info in your tweets. New Yorker, now in Deep South
Comodoro Rivadavia Chubut RA
Madrid, Comunidad de Madrid
ã‚¢ãƒãƒãƒ­ã‚«ãƒªã‚¹ãŠã‚ˆã³åŒ—éƒ¨ã‚ªãƒ‘ãƒ“ãƒ‹ã‚¢é€£åˆç‹å›½
 â™¨BEÅâ™¨Ä°Kâ™¨TAÅâ™¨
Gravity Crew
northern ireland
au | mv
Amongst the clouds
Miranda
â˜â˜
Barcelona
ask.fm/TheGrimCorsair
Lebanon,PA
San Marcos, TX
Sevilla, España
Le Mans, France
Little Rock, AR
Querétaro, México
Ontario, Canada
aRMy 080716
Brasil
Sheffield, England
Lloseta
Rio de Contas, Beatlelandia 
Saint-Hyacinthe, Québec
Glasgow and the West
West Coast girl!
Quito-Ecuador
BANGTAN CITY EATING KOOKIES
Kansas
Le Mans, France
Glasgow
England, United Kingdom
오세훈 • 엔시티
Pittsburgh, PA
The Kremlin 
she/her
San Diego 
here, there, everywhere
The Impala
Sechelt, British Columbia
Northampton, England
Hu nose?
Halle Saale
Ottawa, Ontario
Jakarta
England, United Kingdom
Curitiba
São Paulo 
愛媛 
Houston, TX
São Luís, Brasil
Corrientes, Argentina
Ot7 paradise~
Travis Julian Tom
Nairn, Scotland
1960's United States
S.F Bay Area, CA.
Sc: kirahsainz24
Matosinhos, Portugal
peñalba huesca
Santa Cruz de Tenerife, Spain
Buenos Aires, Argentina
Türkiye
w/ my man
en tu tejado.
Possible Trigger 19
California, USA
Phoenix, AZ
Bordeaux, France
日本
a + k
Kalimantan Barat, Indonesia
Bristol, England
In your head Zombie
Here 24/7
Jamshedpur, India
Wild World
Swervin' thru the streets
Suíça
Buenos Aires, Argentina.
Buenos Aires, Argentina
England, United Kingdom
nairobi,kenya
อ.เมืองระยอง, จ.ระยอง
España
Trinidad
Depression Zone, Canada
cimbomfacts.iletisim@gmail.com
me, just me
Malaysia & Indonesia
in the clouds â˜ï¸
Colorado Springs, CO
Alemania
Ecuador
Buenos Aires, Argentina
Tordera, Catalunya
paris -  Tizi Ouzou
París, Francia
broward
Philippines
españa
York,PA 717
W/ Pau 
toronto
saquarema
Cambridge, Ontario
Valencia, Spain
Earth ğŸŒ
Olympia, WA
713âœˆï¸336
Philippines
PH
California, USA
Orlando, FL
Îµn ÎµÖ‚ Õ¢Ö…Õ¼ÕªÖ… ÕªÑ Ñ‚u ÑĞ¾ÑĞ°zĞ¾Ğ¿
Venezuela
PA
New York City Baby! 
Medina de Rioseco, España
Benicia, CA
San Antonio, TX
Utah
Jakarta, Indonesia
Daheim
ιsɑbᥱllᥱ {23.05}
Morgantown, WV
Fokoff 
Nevada
I'm right where I want to be
ot9 
Odense, Danmark
Florida, USA
RJ
cj - Florianópolis
Scotland, United Kingdom
New York, USA
honeymoon avenue
Leeds, England
La Victoria Edo Aragua
@hsvlana 💗
Kannapolis, NC
Budapest, Magyarország
Baja California, México
Quito - Ecuador
Cumhuriyetin Kalesi
Ahome, Sinaloa
Ho Chi Minh, Vietnam
Ohio
Hell
Connecticut, USA
Los Angeles, CA
LL™
da grove, charlotte 7400
Welkom, South Africa
NYC
Ontario, CA
Argentina
Skopje
Palma, Islas Baleares
Narvarte Oriente, Benito Juárez
London, England
#072
The Nipple of What's Easy
Quilpué,Chile
Texas
Fobos
zoo ken
RVA
München
Monroe, LA
California
Hufflepuff
Ranchi
Mty
Lincolnshire
Amapá - Brasil
Louisville, KY
VENEZUELA
Cheltenham, England
England 
Kent
all the love.⋆
Ireland 
MÃ¡laga â¤
Farnham, England
Here
Villa Maria, Argentina
also a sicheng event
SomewhereOverRainbow
Medellín, Colombia
é™å²¡ å¯Œå£«å¸‚
Clare, Ireland
Your consciousness
WeOutHere
ÖTÜKEN
Mumbai, India
Essex
Johannesburg, South Africa
Washington, D.C.
4/8 Planeters
Sweetener World 
Columbia City, IN
Caracas, Venezuela
River Forest, IL
SD, California
Indonesia
Entre Ríos, Argentina
774 Broadway, NY, NY 10003
ÜT: 6.6595699,3.2897109
emily blunt ♡
Wheeling, WV
Vigo, Galicia
Washington, DC
Upper East Side • Gryff • 221B
God Is Able
Caxias city
multifandom
Fraser Valley, British Columbia
Honolulu, HI
Purgatory 
some graveyard idk
New England
Bogotá, D.C., Colombia
Kirkcaldy, Scotland
Mike Tyson Land 🌵
@alexepunk cuidado
Ituzaingo
At your local banana milkshake
Perth, Ontario
San Francisco, CA
Alabama, USA
United States
tx
Islas Canarias, España
world
Hogwarts
London
El Monte, CA
Running around Hyrule Kingdom
Cainta, Calabarzon
Salt Lake City
New York
OH! IO!
The Jet City
Fairy Tail Guild
Colorado Springs, CO
Cali âœˆï¸ ATX âœˆï¸ SA TX 
en el bar Cuántico
GASTEIZ
Buenos Aires -Capital Federal
Westie
Duwang
Right behind you.
home is where Xenoblade is
*grey's*tw*htgawm*degrassi*ahs
Arizona, USA 
naranjito 🇵🇷/ florida 🇺🇸
Antarctica
Madrid, Spain.
1D and zayn
New Delhi, India
Sesimbra 
Güevéjar
🇬🇧 Fan girls 👠👡💄👗
Narguilândia
General belgrano, buenos Aires
PlayStation Country
Rio de Janeiro
Buenos Aires, Argentina
Mom, can you come pick me up?
An alternate cyberdimension
Pennsylvania, USA
ZO
💙Kookmin💛
Osceola, AR
Hurlingham, Argentina
Outer space
Benavente
México
St. Louis, USA
Karadeniz Ereğli, Zonguldak
Buenos Aires, Argentina
Kedah, Malaysia
Long Beach, CA
Argentina
Recife, Brasil
Tokyo, Japan 🇯🇵 
Somewhere near my OTPs
Thailand
somewhere saving the world 
Spain
Not Now 
Chesapeake Bay watershed
Colorado, USA
Gotham City🖤🖤
Halifax, Nova Scotia
Rio de Janeiro, Brasil
Ireland, Inside-Looking Out
São Paulo, Brasil
The Petty Domain of Man
Tijuana, Baja California
#miracleswithjine
Sinaloa
Paraguay
Puebla, México
Horno de Alcedo,Valencia
jo1
United States
Stony Plain
Unknown
#PencilFacts
Bothell, WA
in Hell loop rn
Santiago, Chile
Hyderabad, India
Phoenix, AZ
Goiânia, Brasil
Ciudad de Mexico
Atlanta, GA
Malaysia
Beverly Hills, CA
Sur AmÃ©rica, en Ã‰xodo...âœ¡ï¸ğŸ‡»ğŸ‡ª
West Hollywood, CA
Texas, USA
Canada's North
à¤¦à¤¿à¤²à¥à¤²à¥€
WSSU20|
Sao Paulo, Brazil
Houston, TX
Milwaukee, WI
USA
ABUJA
Glasgow, Scotland
Daegu
East Region, Singapore
NW Ohio
The city of townsville
Clovis, CA
San Antonio, TX
Somewhere in Tara
minding mine.
multifandom 🇵🇭
Alaska, USA
Caracas, Venezuela
140506
Norfolk
dunder mifflin paper co. 
Illinois, USA
Denver, Colorado
Ecuador
العاصمه, دولة الكويت
New York
planet Earth. San Francisco, CA, USA.
York, United Kingdom
160903&160904 || Sora Tokui!
Guayaquil, Ecuador
Wit Kiandra annoying ass
Estádio da Luz
Europe
The couch
mountain view, Hawaii
Galicia
United States
Little b
Paraná, Brasil
Baltimore, MD
Davao City, Davao Region
Comunidad de Madrid, España
P.R
PACIÊNCIA CITY
Magé, Brasil
Ciudad Z
Cleveland, OH
Bradley University 
Zipaquirá, Colombia
Tuxtla Gutiérrez, Chiapas
SOYLU BUSINENSS Kat: 2 No: 18 
Mobile, Alabama/ Auburn
Magnolia
icon by peach-water 
The Land of Enchantment
Lilongwe, Malawi
WELKOM (FREE-STATE) 
Medellin, Colombia
here
TWINTOWNS
SQUAD CHORIPAN AHRE
Valencia, Comunidad Valenciana
Mexico Q,Roo
Birmingham, AL
UK
sia, tøp| cande♡
kollektivet
Men of Letters bunker 
@lilbolise @_shego1
Mérida, Yucatán
Cleveland OH
Cardiff
España
[he/him] Nct, Wannaone, Loona
nicole ♡
Brandywine,Md
alway rember happy day
honeymoon ãve.
Montana
Parts Unknown
Japan
Itagui, Colombia
Lagos, Nigeria
Pune - Ranebennur
naia-yvr
Vandalia, IL
SPAIN
Northern Virginia
Balnearia Cba
República de Catalunya i Aran
Tampa, FL
Germany
México, D.F.
Louisville, KY
El Masnou, España
London/Skyrim
Grays Thurrock, Essex, England
Detroit, MI
Argentina
United States
Piauí, Brasil💚💨
Roanoke, VA
hawkins
Hagenbuch, Zürich
Phoenix, AZ
SJ ` BTS ` WANNAONE ` MX ` SVT
St Louis, MO
047
PHiLa
 Doncaster
Al Norte del Sur / Venezuela
New York, NY
Berlin
London, England
Netflix
Friuli-Venezia Giulia, Italia
silverdale, wa
Granada, Nicaragua
Louisville, KY
lost in the sauce
Ireland
Singapore
suburbia
æ±äº¬
Côte d'Ivoire
Reykjavík
Philadelphia
St Louis, MO
Pietermaritzburg
Washington, DC
