Osvaldo Cruz
in a modern ecstasy  
Coronado, CA
🇮🇳
Salt Lake City, UT
Madrid, Comunidad de Madrid
Philadelphia, PA
Belgrade, Republic of Serbia
Denver, CO
Raleigh NC
USA
Cáceres, España
Ile-de-France, France
Aberdeen, Scotland
Babylon 24/7
London
Bataan, Philippines
Florida, USA
roma
México
Smallville, Kansas
BTS â¤ï¸
# 1 she'll be the one stan
DMToGuts, DC
Neverland🌟🌟
United States
Minnesota
OberösterreichDeutschlandberge
Ile-de-France, France
Comodoro Rivadavia
Central Coast, CA
España
Brighton, England
San Martín, Argentina
Nova Scotia, Canada
sc : kurlyhead_cutie
barcelona
Santo Domingo
Los Angeles
South Florida
San Antonio, TX
Grand Rapids, MI
Gorosei
Pusties™ | ari liked 1x
Hiding in the corner
Brasil
England, United Kingdom
West Covina, CA
London, England
Brasil
Αθήνα
cali â˜€ï¸
United States
Abuja, Nigeria
NJ
çŸ³å·çœŒ
panamá
Blue Earth, MN
Galveston, TX
Divinópolis - Minas Gerais
Bruay-la-buissière
Johannesburg, South Africa
SERENDIPITY
The Rum Factory
Washington, DC and Moscow
Somewhere, USA
spαcε coαst υsα  
Curitiba
Nicaragua
Barcelona, España
Lisboa, Portugal
Scotland
Brasil
180418⨺
Ecuador
Harlow Essex 
Franklin, TN
Brooklyn, NY
dmv
Antwerp, Belgium
Stockbridge, GA
Miami, FL
Manisa, Siirt ,Türkiye
Gail swallows
San Bernardino, WestSide
España
louis&billie
dodie + dnp + drag race
khc lhj cks bbh ltm pjh & ldh
LDN via BNE
Montana âœˆï¸ East Bay
Minnesota, USA
IHOP
á‹ˆáˆá‰ƒá‹­á‰µ áŒ áŒˆá‹´ áˆ°á‰²á‰µ-áˆáˆ˜áˆ«
Goiânia uai
bursa
Lurking in your timeline?
Dallas/Fort Worth, TX
Bogotá, D.C., Colombia
New Orleans, LA
Paris, France ♡ 
Miami, FL
DYT, Ohio
 beril
Mexico
in usa
Kenya
Groovin W/ God In A Meadow
DREAMVILLE
w pao
Maryland, USA
Bronx, NY
she/her
New York, USA
Toronto, ON
ᗩTᒪ,Gᗩ  
Trinidad and Tobago
contact@mentallyaware.org
Kepler-438b
Córdoba Capital
Puerto Rico 🇵🇷
Kenner, LA
London
Arequipa
Earthquake country
My 7 little babies
New York, NY
Los Angeles || Hermosa Beach
Barcelona
Argentina
Belém-PA
México
mpLSD , minne$nowta
United Kingdom | London
Pointe-Claire, Québec
en la concha de tu hermana
Seattle, WA
The District
Royal Palm Beach, FL
Martinique/Mulhouse, France 
#TAMU20
İSTANBUL
Dans le milieu
Paris, France
London, England
virgo
Wishaw, Scotland
Texas, USA
Caraguatatuba, Brasil
93
Raleigh NC
Somewhere in the U.S.A
Houston, TX
Louisville
91
Dublin 
The Mitten
Montaig
Canario de nacimiento, Madrileño de adopción, y Culé de corazón
Where there is Poetry
Celina, TX
Monterrey, Nuevo León
Barcelona
Austin, TX
tx
Buckinghamshire
São Paulo, Brasil
New York, NY
nakuru,kenya
Los Angeles
São João da Madeira, Portugal
South Africa
Johannesburg|South Africa
Guinée
Kota Manado, Sulawesi Utara
O T 7 S T A N ♡
HE/SHE/THEY
North Carolina, USA
Washington, DC
Las Vegas, NV
France
Video Editor
Quito - EC
back @ it again @ krispy kreme
New York, NY
Nuevo Leon, Mexico
ну там где-то
Nantes, France
Austin, TX
Belford Roxo, Brasil
João Pessoa, Brasil
Oviedo
Sarawak, Malaysia
Cacém
İslâmbol
Camp Campbell
Rosario, SF - De Carcarañá SF
Johannesburg, South Africa
Florida, USA
instagram: lifeas__emily
Paris, France
Durban
Fnaitees, Kuwait
Hbg-Pitt
UK
Bedfordshire
NoneOfYou’reBusinessLand
Queenstown & Port Elizabeth,E.
venice.
Manchester
cali
Cape Town, South Africa
Clovis, CA
Somewhere Only I Know
Hove, England
Greenwich, London
Sector ZZ9 Plural Z Alpha
welland
Heaven 
2017/11/03 ~~ InSomnia 
Las Vegas, NV 
Deutschland
en to2 lados menos en tu 💗
they/them • BLM
Nacogdoches, TX
Virginia, USA
Newton, MA
🌈
Queens, NY
ğ—ğ—ğ–¾ğ—’/ğ—ğ—ğ–¾ğ—† | ğŸ£ğŸ« | ğ–»ğ–¾ğ–¾ â™¡
Arkansas, USA
Dagupan City
Hell was full
Philadelphia, USA
any art i post is by me
Republic of the Philippines
New Delhi, India
à¸®à¸¸à¸™à¸®à¸²à¸™à¹„à¸—à¸¢à¹à¸—à¸™à¸”à¹Œà¹à¸”à¸™à¸•à¸´à¹ˆà¸‡
Finland
Palma de Mallorca
Kingswinford
waynesboro, va
Austria
British Virgin Islands
Gwarko, Lalitpur
Santa Coloma de Queralt
São Paulo, Brasil
CSUSM/ SD
La Plata, Argentina
Paraguay 
Kingston, Jamaica
Texas, USA
Atarcama
Hope World 
United States
Vendée, Pays de la Loire
Salvador, Brasil
On The Mound
City of London, London
Bronx, NY
Cottonwood, CA
TX 
Soweto, South Africa
Territorio D.O. Campo de Borja
Los Angeles, CA
PHX
Philippines 
czekam na szczescie
Valle de Hecho, España
should be in Boston 
Italia
Chile
ajah Nigeria
poa z/s
Ni K,ni peronchos, zurdos y montos.!!Amo los animales..
God's heart
Vila Nova de Gaia, Portugal
INSTAGRAM: mansilla.11
TAMU Corpus Christi
Iron throne
Kütahya Merkez, Kütahya
Roslindale, Boston
netherlands
Loma Hermosa city 
• alê •  07 •
LA | NYC | The Bay | TLV
 România
Venezuela
London
Texas baby💗
1327
England, United Kingdom
Colombia
Livonia, MI
Macaé,rj 
en Las Vegas jugando al UNO 
İstanbul, Türkiye
Empate
Worldwide
Los Angeles, CA
Ding Dong,Tx
Georgia, USA
Centro, Cascavel
Pittsburgh, PA
Béthune, France
Thornaby on Tees, England
Polska
Arizona
♡
United Arab Emirates
Llanelli, Wales
Third Coast 606XX
Houston, TX
Rio de Janeiro - RJ
1531 N Farwell mil Wi 53202
Storbritannien
Viña del mar , Chile.
Sevilla, Ciudad del Betis
recco, genoa (italy)
561
Hamburg, Germany
Morelia, Michoacán de Ocampo
TARRAGONA
En donde sea 
Peru
Houston, TX
Córdoba
Trinidad
Johnson City, TN
773/708 âœˆï¸ 219 âœˆï¸ 662
Nova Iguaçu, Caonze
Denver, CO
w lexshawty
Pittsburgh
ğ–¤give up on your dreamsğ–¤
Jackson, MS
Republica de Catalunya. 
Sector 23, Gurgaon
Comunidad autonoma de Tabarnia
California, USA
Oslo
bay area
Yulee, FL
Woodland AL 
Brasil
ajdovscina, Slovenia
Palisade, USA
Jackson, MS
De muchos sitios
Newmarket, England
Santiago, Chile
Lanet Olası Dünya
Vancouver, Canada
brittany, FR
Venezuela de 7 estrellas ×©×œ×•× 
Sandton, South Africa
Edinburgh, Scotland
Berkeley, CA
Madrid, Comunidad de Madrid
En la capilla rezando a dios
Florida, USA
LA & Bay Area ğŸ“
Chile
cinderella castle 
Caracas, Venezuela
We going from Mexico City
Río Cuarto, Argentina
USA
Temecula
villa constitucion
Azua, República Dominicana.
Montevideo, Uruguay
Toulouse
htx ğŸ¤˜ğŸ¾
Bogotá, Colombia
ğŸ’ªğŸ»ğŸ’¸
In your heart, I hope
â˜ï¸
San Luis, Argentina
margot jomo and claire 🖤
Cannock  Staffordshire
Colombia
College Park, MD
Pennsburg, PA
İstanbul, Türkiye
Estadio Wanda Metropolitano
kjh forever
Guadalajara, Jalisco
hell 
Talca, Maule
Chile
Redditch, England
NAWF 
new york
Ecuador
Venezuela
El Eulma                                                                                            , Algeria
germany 
Hereford
marvel; dc
Málaga. Fuengirola
Dark$ide
NYC -East Side-
Beacon Hills 
North Of Africa
Wichita, KS
w/ Leon Jr & Leon Sr.👪
Colony 9
Polokwane, South Africa
Estadio Wanda Metropolitano
Zimbobwe, Usa
Lost
Raeford, NC
Eldorado Misiones
Knoxville Tennessee, US
757
Bogotá, D.C., Colombia-Neue Sanssouci.
ic; adricarrollart on tumblr
🕷1/13/18🕷
Memphis, TN
VIVXXIQ
Florida, USA
Rio de Janeiro
Santo Domingo Este
Journey of Self Discovery
London, England
In the desert/In the city
Avra Valley, AZ
Rio branco, AcreğŸŒ
Mexico
Ankara
Dorset, ENGLAND
Brussels, Belgium
Pretoria, South Africa
Albania
St Louis, MO
Las Vegas, NV
Ciudad Autónoma de Buenos Aires, Argentina
San Diego, CA
Perú
Río gallegos,Santa cruz
Ohio, USA
Var, Provence-Alpes-Côte d'Azur
BTS | Wanna One
4 8 15 16 23 42
Naples, FL
Mexico
Based in The Netherlands
México
Sandusky, OH
Barcelona, Cataluña
Italy
the bag
Peterborough, England
Clifton Park, NY
Ribeirão Preto, Brasil
Türkiye
Buenos Aires, Argentina
Bahía Blanca, Argentina
Ile-de-France, France
Monroe, NC
Chicago
Pittsburgh, PA
Colombia
New Orleans
Elazığ/Ankara/Diyarbakır
 Lewes, East Sussex
Argentina
Wherstead, Suffolk
mind ya business 
adana
CDMX
United Kingdom
Abuja, Nigeria
Burdur, Türkiye
Helena, MT
Italia
Nederland
Puerto Rico
United States
The Banks Vault 
Cataguases, Brasil
Texas, USA
neat
Tomsk
Tokyo
California, USA
Glasgow, Scotland
Hogwarts
Under Your Bed
Brasil
Massachusetts, USA
Wisconsin, USA
t e x a s 
Andromeda
Leidsche Rijn
Valhalla, NY
175th Lakewood Way
Baltimore, MD
Main Stand
