new jerse
Fairborn, OH
at home
Wood Green, North London
Lagos, Nigeria
Omnipresent
021
Vancouver, BC
Las Vegas
va
San Luis Potosí
Online
lauroline • she/her
Falcón, Venezuela
INTL
Baltimore, MD
Sekondi Takoradi, Ghana
Costa Rica
United States
Maryland, USA
Chinches Bravas
New York, USA
cafofo
magic shop ✨
♡ Mary ♡ Gabriel ♡ fan account
Houston, TX
blytheville 
w// alexsis
Austin, Texas
Blue Island, IL
Winter Park, FL
Madrid
Toyota HiAce
Black Lives Matter
Ciudad de México
1997
Illinois, USA
Yemen
India
Westfield, IN
Cary, NC
cincinnati âœˆï¸ nashville
Rochecorbon 
Chicago
York, England
Surrey, British Columbia
Glasgow, Scotland
Hammersmith, London
En e3xámenes
Harry styles live on tour
MIAMI FLORIDA EE.UU
somewhere in time and space
Toronto, Ontario
Kuantan, Malaysia.
she/her
Ypsilanti, MI
Kansas City, KS
Tajimi , Japan
Texas
Oregon, USA
jdb, ddl, agb 
STAN NCT.
Fuenmayor, La Rioja, España
un
San Francisco, CA, USA
Venezuela
Maldives
somewhere in space
Utah, USA
South Africa
Throne, Hell
Beaver, PA
Fort Worth, TX
♡
Florida, USA
Las Vegas, NV
Columbus, OH
Murgul, Artvin 
Bellevue, WA
namek
fv//ca
sea of tranquility 
🇦🇷
Angra dos Reis, Brasil
One of Don Cherry's pit stops
Republic of the Phil Eagles
New York City & Roma, Italy
somewhere under the sky
Here, there and EVERYWHERE 
Los Angeles, CA
PE
Middle East, China, Pakistan
Wilmington,Ohio
ÜT: 29.901021,-95.69303
☪Zone 6
à¸à¸£à¸¸à¸‡à¹€à¸—à¸à¸¡à¸«à¸²à¸™à¸„à¸£, à¸›à¸£à¸°à¹€à¸—à¸¨à¹„à¸—à¸¢
Guantánamo, Cuba
visual city
bluĕ neighbourhood
Occupied Sauk & Meskwaki land
Murrieta, CA
Detroit vs. Everybody
Dumaguete City
Thinking about @JustAyano 
the jack. 
221B Baker Street
Southern California
Bogotá, Colombia
Expaña
Jack 6.3 mm.
Atlanta, GA
College Station, Texas
catamarca
Buenos Aires,Lomas Del Mirador
Dominican Republic
Venezuela
Fort Wayne, IN
Drachten, Friesland
 Maya â¤ï¸
SENTI WORLD
Monterrey, Nuevo León
Malaysia
Republic of the Philippines
India
D✭Town
Cali
In luvvv w/ katie â¤ï¸
Korakuen & Oakland & Chicago
Houston, TX
agusteuk+valen+lgtbrosquad
Las Vegas, NV
sleeping
Central Wisconsin
Ontario, Canada
North East, England
Madrid
Puerto Rico
In ya feelings
Barcelona
Asuncion, Paraguay
@Gatokal
Broncos & NBA tweets
Ordu, Türkiye
Pakkala, Vantaa
miles away from college
Brasil
Lille - Tanger
Lagos ,Nigeria.
joon's dimples // where's f(x)
Spain
Ciudad Autónoma  Buenos Aires
London, England
COMPLEXO DO CHAPADÃO
Derry
Seattle, WA
avi by plantgay on deviantart!
Brasil
mn
Nova Prata, RS
Stern Bild
Chihuahua, Chih. México
Buenos Aires, Argentina
Baltimore, MD
Sri Lanka
RVA / ODU
Caracas
#2âš½ï¸
San Miguel De Urcuqui, Ecuador
under a rock
Gaborone, Botswana
Brooklyn, NY
My Palace
Los Angeles, CA
Lover of strong women
Heidelberg, Germany 
Texas
España
United States
Tennessee, USA
BRAZIL HOPE
Chicago, IL
Domino city 
Los Mochis Sinaloa Mexico
Kentucky, USA
tandil 
Compiègne, France
n / r
#entreelnorteyelsur
Long Beach, CA
Indonesia
061
so capricious 
Manaus, Brasil
~•♥..HeaVeN..♥•~
Oregon, USA
Kasur, Pakistan
Majadahonda, Madrid.
Bahia, Brasil
justin follows 20/04/2015
Golden Closet
grass lot
Michigan, USA
Sewell, NJ
magic shop
South Africa
my mans house
Providence, RI
San Juan, Argentina
Houston, TX
losangeles
From Joplin, MO
www.reg-charity.org
Minneapolis
Cordillera Admin Region, Repub
Italy
H MOFO TX
NYC
Salt Lake City, Utah USA
Na Sua Mente boba (o) 😂 ... 
â—ŸÌ½â—Ì½
DURM
In bed
Bronx, NY
NFL 
ot7 / 161127
AZ but KC made me
barcelona
à¸à¸£à¸¸à¸‡à¹€à¸—à¸à¸¡à¸«à¸²à¸™à¸„à¸£, à¸›à¸£à¸°à¹€à¸—à¸¨à¹„à¸—à¸¢
In BTS' heartu
Seoul, Republic of Korea
New Jersey, USA
Brooklyn, NY
Mumbai/Paris
Mar del Plata, Argentina
Singapore
Indiana
South Bend, IN
Dallas, TX
pqp
Konya, Türkiye
AQUI É GRÊMIO PORRA!!! 1903 
Univers 7
Mendoza, Argentina
College
Segorbe (Castellón)
Ohio, USA
İzmir, Türkiye
Houston, TX
Boston, MA
âœ¿ Doodles â¡ï¸ @crispyfruit_ âœ¿
Johannesburg
Montreal
Los Angeles, California, USA
dunyali degil
United States
in luke’s arms 
Bulgaria
South Africa
Southern California
FranceColombie
Fort Worth, TX
İzmir, Türkiye
Republica de Parque Chas
Im Internet^^
Hartwell, GA
Gol Orriols
San francisco
karachi, Pakistan
Los Angeles, CA
BLM
Brasil
Stuck in 2007
Sweet Home Pennsyltucky
belo horizonte
MY
Winnipeg, Manitoba, Canada
France
A car
Québec
Islamabad, Pakistan
🇬🇧🇯🇲
Brasil
Probably @ aurelios 
cole
Hawkins
Phoenix, AZ
United States
The One True Baltimore
switzerland
Richland, WA
Rio de Janeiro, Brasil
EXO Planet
Antalya, Türkiye
Manchester, England
Ciudad Autónoma de Buenos Aire
Chicago
Beautiful CA
bts/ hyuna/ nu / twice »♡« 
Worldwide
girlgroups,, ⊬
Ravenclaw
Sant Salvador de Guardiola, Es
Too fast, too furious
Campo Grande, MS
Colorado 
btob clc day6 victon & more
Texas 
Your Girl DM 
Donde este San Lorenzo
São Paulo, Brasil
🇵🇭 FAN ACCOUNT
🦆
Detroit vs Everybody
FHSU
Guatemala
Pittsburgh, PA
175th Lakewood Way, Goners.
Aligarh, India
Indore, India
Themyscira
Cali, Colombia
Beersheva-London-Belgrade
â¥ wob nico tia mariam chros 
EN TODAS PARTES.
Carcassonne, France
A4 KM20 C/Oro 6  Madrid 28330
Ghana
Jugando en el Pc
MAN UNITED BLOODY HELL!
ANGLET 
Kolkata, India
Kent, England
Beirut
Auckland, New Zealand
Maryland, USA
Cebu City, Central Visayas
Los Angeles, CA
United States
B 612
Mi amor, Joo♡
Austin, TX
Livingston, West Lothian
svt ; nct ; bts ; +
Married
Lages, Brasil
cherry hill nj
Selangor, Malaysia
Guyane Française
en tu imaginacion
COviNGTON va BAbY!!!
Rancagua, Chile
okc
Amed Farqin
Nigeria kebbi/katsina 
Boston, MA
Cabimas venezuela
London, England
Carlsbad CA USA
134340 my planet
Florida, USA
?
Chepén Perú
JAMROCK 
Chicago, IL
Cruzeiro do Sul ,Acre, Brazil
FR/ENG/PORT/ESP/한국어 (조금)
The Philippines
Italia
São Paulo, Brazil
Extremaydura / Vigo / Madrid
Seattle, WA
Humansville
India
inland 
027
Grudgingly Wearing Pants, AZ
Cartagena, España
Ottawa, Canada / New York City
Frozen Wasteland of Upstate NY
Helle, Telemark
kiran | any pns | BLM
ã€½ï¸901 
Away with the faeries ✨
EspÃ­rito Santo ğŸ” BrasÃ­lia
Arizona
Venezuela
Brasil
North Wales ğŸ´ó §ó ¢ó ·ó ¬ó ³ó ¿
PA
Baltimore, MD
Delhi/Kolkata
Moorpark, CA
Montreal, Canada
Max it !
Serra, Brasil
SF Bay Area
sa, tx
biz: urbanfriendden@gmail.com
Bitonto, Puglia
Kalapuya/Chinook Territory
celine | 23 | she/they | msp
Port Elizabeth, South Africa
Nepal
Rosario, Argentina
Clearwater, FL 
Kota Kinabalu, Sabah
Germiston,  Boksburg
Dundee, Scotland
Córdoba, Argentina
Somewhere on the Internet
Colombo, Sri Lanka
Uruguay
San Antonio, TX & Salcha, AK
 ⅕
Seattle
Corpus Christi, TX
India
★☆Toronto★☆
NAGPUR 
Vacaville, CA
Miami, FL
NIGERIA
Niederrhein, NRW
Cucuta-Col
Sonora//CDMX Since Osnapitzari
Oklahoma 
Sheffield
Brasil
San Isidro, Argentina
Caleta de Fuste 
Venezuela
i ate a leaf for mari ohara
`fl. `ns(a)fw. 
Mersin, Türkiye
California, USA
anywhere but here
Sandy, UT
Texas
Barranquilla, Colombia.
India
Realm Maintenance Productions
Nilópolis, Brasil
Everett, WA
Phoenix, Arizona
Long Island/NYC 
23💙
Olula Del Rio
713âœˆï¸336
NYC
Colômbia
nem eu sei
Exo Planet
FreeDOM. CA  XXX666
Boca Raton, FL
London, England
Barinas venezuela
alt rock/punk rock
대한민국 서울
Florida, USA
Trenque Lauquen
Paradise
Plutón
UK
New Jersey
Leeds, West Yorkshire
currently in a basement crying
London
🌟la milka city🌟
Canada
monterrey nuevo leon
México
United Arab Emirates
Barranquilla, Colombia
Hogwarts - Gryffindor 
↳ariana+shawn ↳bts+exo+got7
platform 9¾
Denver, CO
Valencia, España
Mes tweets dans les favs
Pennsylvania, USA
Champagne.Cocaine.Gasoline
West Midlands, England
Martiago-Mogarraz
Pretoria
Miami, Florida
Lubbock, TX
كردستان

               amed
france, lyon
janustine wedding's comin soon
Corpus Christi
PDX
United States
Tatooine
Republic of the Philippines
Valencia
Liverpool
Las Vegas, NV
New York
FL/TX
Doha, Qatar
